Id,class_0,class_1
00eed32682bb,0.5000000504110929,0.49999994958890703
010ebe33f668,0.5000000504110929,0.49999994958890703
02fa521e1838,0.5000000504110929,0.49999994958890703
040e15f562a2,0.5000000504110929,0.49999994958890703
046e85c7cc7f,0.4999997983557025,0.5000002016442975
